"Tabela 4093 - Pessoas de 14 anos ou mais de idade, total, na força de trabalho, ocupadas, desocupadas, fora da força de trabalho, e respectivas taxas e níveis, por sexo"
"Variável - Pessoas de 14 anos ou mais de idade (Mil pessoas)"
"Brasil, Grande Região e Unidade da Federação";"Trimestre x Sexo"
"Brasil, Grande Região e Unidade da Federação";"1º trimestre 2018";"2º trimestre 2018";"3º trimestre 2018";"4º trimestre 2018";"1º trimestre 2019";"2º trimestre 2019";"3º trimestre 2019";"4º trimestre 2019";"1º trimestre 2020";"2º trimestre 2020";"3º trimestre 2020";"4º trimestre 2020";"1º trimestre 2021";"2º trimestre 2021";"3º trimestre 2021";"4º trimestre 2021"
"Brasil, Grande Região e Unidade da Federação";"Total";"Total";"Total";"Total";"Total";"Total";"Total";"Total";"Total";"Total";"Total";"Total";"Total";"Total";"Total";"Total"
"Brasil";"165909";"166354";"166801";"167246";"167690";"168128";"168565";"168997";"169427";"169852";"170270";"170678";"171084";"171485";"171886";"172283"
"Norte";"13396";"13467";"13539";"13607";"13625";"13646";"13719";"13814";"13852";"...";"...";"...";"...";"...";"...";"..."
"Nordeste";"44293";"44461";"44552";"44563";"44701";"44828";"44883";"45042";"45163";"...";"...";"...";"...";"...";"...";"..."
"Sudeste";"71380";"71592";"71782";"72009";"72208";"72418";"72595";"72725";"72935";"...";"...";"...";"...";"...";"...";"..."
"Sul";"24176";"24182";"24229";"24352";"24358";"24428";"24485";"24512";"24522";"...";"...";"...";"...";"...";"...";"..."
"Centro-Oeste";"12664";"12652";"12699";"12716";"12797";"12808";"12883";"12904";"12954";"...";"...";"...";"...";"...";"...";"..."
"Rondônia";"1351";"1357";"1367";"1373";"1370";"1380";"1383";"1388";"1394";"...";"...";"...";"...";"...";"...";"..."
"Acre";"620";"621";"629";"640";"643";"642";"646";"653";"650";"...";"...";"...";"...";"...";"...";"..."
"Amazonas";"2893";"2913";"2928";"2939";"2960";"2939";"2949";"2987";"3007";"...";"...";"...";"...";"...";"...";"..."
"Roraima";"378";"383";"387";"392";"392";"392";"391";"397";"402";"...";"...";"...";"...";"...";"...";"..."
"Pará";"6372";"6397";"6412";"6449";"6456";"6461";"6511";"6546";"6537";"...";"...";"...";"...";"...";"...";"..."
"Amapá";"597";"602";"615";"615";"612";"630";"624";"620";"628";"...";"...";"...";"...";"...";"...";"..."
"Tocantins";"1185";"1195";"1201";"1200";"1192";"1201";"1215";"1223";"1233";"...";"...";"...";"...";"...";"...";"..."
"Maranhão";"5206";"5231";"5226";"5261";"5287";"5314";"5329";"5347";"5374";"...";"...";"...";"...";"...";"...";"..."
"Piauí";"2548";"2549";"2549";"2562";"2560";"2555";"2584";"2591";"2559";"...";"...";"...";"...";"...";"...";"..."
"Ceará";"7157";"7210";"7215";"7195";"7224";"7221";"7244";"7297";"7324";"...";"...";"...";"...";"...";"...";"..."
"Rio Grande do Norte";"2772";"2776";"2785";"2798";"2778";"2797";"2770";"2783";"2790";"...";"...";"...";"...";"...";"...";"..."
"Paraíba";"3118";"3139";"3141";"3144";"3140";"3163";"3176";"3175";"3160";"...";"...";"...";"...";"...";"...";"..."
"Pernambuco";"7479";"7506";"7500";"7474";"7507";"7544";"7542";"7624";"7726";"...";"...";"...";"...";"...";"...";"..."
"Alagoas";"2580";"2595";"2585";"2593";"2592";"2600";"2613";"2601";"2580";"...";"...";"...";"...";"...";"...";"..."
"Sergipe";"1765";"1768";"1774";"1802";"1795";"1812";"1819";"1816";"1810";"...";"...";"...";"...";"...";"...";"..."
"Bahia";"11668";"11687";"11778";"11734";"11817";"11822";"11807";"11808";"11841";"...";"...";"...";"...";"...";"...";"..."
"Minas Gerais";"17099";"17164";"17144";"17164";"17188";"17297";"17339";"17383";"17401";"...";"...";"...";"...";"...";"...";"..."
"Espírito Santo";"3152";"3166";"3175";"3173";"3177";"3183";"3194";"3233";"3240";"...";"...";"...";"...";"...";"...";"..."
"Rio de Janeiro";"14294";"14297";"14299";"14323";"14368";"14407";"14477";"14530";"14590";"...";"...";"...";"...";"...";"...";"..."
"São Paulo";"36834";"36965";"37163";"37348";"37476";"37531";"37586";"37580";"37705";"...";"...";"...";"...";"...";"...";"..."
"Paraná";"9135";"9133";"9166";"9193";"9176";"9186";"9223";"9217";"9222";"...";"...";"...";"...";"...";"...";"..."
"Santa Catarina";"5760";"5763";"5789";"5819";"5801";"5833";"5868";"5899";"5905";"...";"...";"...";"...";"...";"...";"..."
"Rio Grande do Sul";"9281";"9286";"9274";"9340";"9381";"9409";"9393";"9396";"9396";"...";"...";"...";"...";"...";"...";"..."
"Mato Grosso do Sul";"2093";"2079";"2082";"2115";"2109";"2105";"2119";"2140";"2136";"...";"...";"...";"...";"...";"...";"..."
"Mato Grosso";"2644";"2657";"2670";"2655";"2673";"2665";"2670";"2667";"2690";"...";"...";"...";"...";"...";"...";"..."
"Goiás";"5508";"5495";"5504";"5504";"5563";"5586";"5639";"5636";"5644";"...";"...";"...";"...";"...";"...";"..."
"Distrito Federal";"2418";"2421";"2442";"2442";"2452";"2451";"2455";"2460";"2484";"...";"...";"...";"...";"...";"...";"..."
"Fonte: IBGE - Pesquisa Nacional por Amostra de Domicílios Contínua trimestral"

"Tabela 4093 - Pessoas de 14 anos ou mais de idade, total, na força de trabalho, ocupadas, desocupadas, fora da força de trabalho, e respectivas taxas e níveis, por sexo"
"Variável - Pessoas de 14 anos ou mais de idade, na força de trabalho, na semana de referência (Mil pessoas)"
"Brasil, Grande Região e Unidade da Federação";"Trimestre x Sexo"
"Brasil, Grande Região e Unidade da Federação";"1º trimestre 2018";"2º trimestre 2018";"3º trimestre 2018";"4º trimestre 2018";"1º trimestre 2019";"2º trimestre 2019";"3º trimestre 2019";"4º trimestre 2019";"1º trimestre 2020";"2º trimestre 2020";"3º trimestre 2020";"4º trimestre 2020";"1º trimestre 2021";"2º trimestre 2021";"3º trimestre 2021";"4º trimestre 2021"
"Brasil, Grande Região e Unidade da Federação";"Total";"Total";"Total";"Total";"Total";"Total";"Total";"Total";"Total";"Total";"Total";"Total";"Total";"Total";"Total";"Total"
"Brasil";"104751";"104610";"105624";"105947";"106273";"107170";"107535";"107418";"106263";"97279";"98037";"101637";"102339";"104216";"106430";"107758"
"Norte";"8110";"8121";"8215";"8302";"8269";"8330";"8425";"8390";"8384";"...";"...";"...";"...";"...";"...";"..."
"Nordeste";"24760";"24541";"25011";"25045";"24979";"25173";"25220";"25213";"24974";"...";"...";"...";"...";"...";"...";"..."
"Sudeste";"47513";"47639";"47903";"47883";"48161";"48610";"48746";"48673";"48037";"...";"...";"...";"...";"...";"...";"..."
"Sul";"15941";"15855";"15958";"16132";"16182";"16282";"16307";"16379";"16178";"...";"...";"...";"...";"...";"...";"..."
"Centro-Oeste";"8427";"8455";"8537";"8585";"8682";"8775";"8838";"8762";"8689";"...";"...";"...";"...";"...";"...";"..."
"Rondônia";"856";"838";"865";"876";"871";"868";"886";"883";"892";"...";"...";"...";"...";"...";"...";"..."
"Acre";"359";"351";"359";"364";"357";"358";"356";"353";"340";"...";"...";"...";"...";"...";"...";"..."
"Amazonas";"1794";"1772";"1812";"1834";"1844";"1887";"1899";"1902";"1908";"...";"...";"...";"...";"...";"...";"..."
"Roraima";"238";"240";"245";"253";"257";"249";"249";"256";"255";"...";"...";"...";"...";"...";"...";"..."
"Pará";"3789";"3837";"3838";"3866";"3836";"3839";"3915";"3881";"3874";"...";"...";"...";"...";"...";"...";"..."
"Amapá";"370";"368";"382";"377";"383";"402";"391";"393";"388";"...";"...";"...";"...";"...";"...";"..."
"Tocantins";"704";"715";"713";"732";"720";"728";"728";"723";"728";"...";"...";"...";"...";"...";"...";"..."
"Maranhão";"2681";"2598";"2624";"2651";"2591";"2624";"2656";"2660";"2644";"...";"...";"...";"...";"...";"...";"..."
"Piauí";"1401";"1430";"1454";"1461";"1452";"1467";"1538";"1503";"1434";"...";"...";"...";"...";"...";"...";"..."
"Ceará";"4095";"4055";"4138";"4125";"4122";"4163";"4184";"4227";"4143";"...";"...";"...";"...";"...";"...";"..."
"Rio Grande do Norte";"1518";"1521";"1570";"1548";"1522";"1540";"1543";"1534";"1565";"...";"...";"...";"...";"...";"...";"..."
"Paraíba";"1707";"1698";"1731";"1726";"1684";"1699";"1699";"1695";"1672";"...";"...";"...";"...";"...";"...";"..."
"Pernambuco";"4227";"4224";"4227";"4245";"4269";"4235";"4214";"4247";"4128";"...";"...";"...";"...";"...";"...";"..."
"Alagoas";"1145";"1143";"1183";"1193";"1202";"1246";"1234";"1193";"1224";"...";"...";"...";"...";"...";"...";"..."
"Sergipe";"1035";"1024";"1037";"1065";"1063";"1101";"1096";"1125";"1083";"...";"...";"...";"...";"...";"...";"..."
"Bahia";"6951";"6848";"7047";"7032";"7073";"7098";"7055";"7029";"7081";"...";"...";"...";"...";"...";"...";"..."
"Minas Gerais";"11200";"11278";"11280";"11224";"11183";"11389";"11483";"11461";"11286";"...";"...";"...";"...";"...";"...";"..."
"Espírito Santo";"2074";"2100";"2124";"2120";"2154";"2202";"2176";"2175";"2155";"...";"...";"...";"...";"...";"...";"..."
"Rio de Janeiro";"8822";"8848";"8867";"8924";"8992";"8955";"8999";"9008";"8942";"...";"...";"...";"...";"...";"...";"..."
"São Paulo";"25418";"25414";"25633";"25615";"25832";"26064";"26087";"26029";"25654";"...";"...";"...";"...";"...";"...";"..."
"Paraná";"6014";"5996";"6039";"6071";"6098";"6137";"6172";"6122";"6085";"...";"...";"...";"...";"...";"...";"..."
"Santa Catarina";"3871";"3852";"3887";"3939";"3920";"3916";"3922";"3983";"3896";"...";"...";"...";"...";"...";"...";"..."
"Rio Grande do Sul";"6056";"6007";"6032";"6121";"6164";"6229";"6212";"6274";"6197";"...";"...";"...";"...";"...";"...";"..."
"Mato Grosso do Sul";"1407";"1402";"1432";"1438";"1431";"1461";"1440";"1432";"1406";"...";"...";"...";"...";"...";"...";"..."
"Mato Grosso";"1731";"1756";"1773";"1796";"1823";"1853";"1855";"1820";"1842";"...";"...";"...";"...";"...";"...";"..."
"Goiás";"3673";"3669";"3673";"3689";"3751";"3764";"3847";"3836";"3765";"...";"...";"...";"...";"...";"...";"..."
"Distrito Federal";"1615";"1627";"1659";"1661";"1677";"1696";"1696";"1674";"1677";"...";"...";"...";"...";"...";"...";"..."
"Fonte: IBGE - Pesquisa Nacional por Amostra de Domicílios Contínua trimestral"

"Tabela 4093 - Pessoas de 14 anos ou mais de idade, total, na força de trabalho, ocupadas, desocupadas, fora da força de trabalho, e respectivas taxas e níveis, por sexo"
"Variável - Pessoas de 14 anos ou mais de idade, ocupadas na semana de referência (Mil pessoas)"
"Brasil, Grande Região e Unidade da Federação";"Trimestre x Sexo"
"Brasil, Grande Região e Unidade da Federação";"1º trimestre 2018";"2º trimestre 2018";"3º trimestre 2018";"4º trimestre 2018";"1º trimestre 2019";"2º trimestre 2019";"3º trimestre 2019";"4º trimestre 2019";"1º trimestre 2020";"2º trimestre 2020";"3º trimestre 2020";"4º trimestre 2020";"1º trimestre 2021";"2º trimestre 2021";"3º trimestre 2021";"4º trimestre 2021"
"Brasil, Grande Região e Unidade da Federação";"Total";"Total";"Total";"Total";"Total";"Total";"Total";"Total";"Total";"Total";"Total";"Total";"Total";"Total";"Total";"Total"
"Brasil";"90879";"91462";"92930";"93534";"92621";"94159";"94737";"95515";"93115";"84051";"83439";"87225";"87082";"89384";"92976";"95747"
"Norte";"7067";"7126";"7253";"7321";"7178";"7331";"7422";"7493";"7373";"...";"...";"...";"...";"...";"...";"..."
"Nordeste";"20788";"20853";"21363";"21404";"21120";"21458";"21536";"21744";"21033";"...";"...";"...";"...";"...";"...";"..."
"Sudeste";"40903";"41284";"41853";"42010";"41740";"42537";"42880";"43086";"42010";"...";"...";"...";"...";"...";"...";"..."
"Sul";"14586";"14550";"14689";"14946";"14851";"14967";"14965";"15257";"14940";"...";"...";"...";"...";"...";"...";"..."
"Centro-Oeste";"7534";"7648";"7772";"7853";"7733";"7866";"7934";"7934";"7759";"...";"...";"...";"...";"...";"...";"..."
"Rondônia";"765";"768";"788";"796";"792";"809";"812";"810";"817";"...";"...";"...";"...";"...";"...";"..."
"Acre";"307";"303";"311";"316";"292";"309";"309";"304";"293";"...";"...";"...";"...";"...";"...";"..."
"Amazonas";"1543";"1518";"1573";"1566";"1548";"1622";"1642";"1654";"1629";"...";"...";"...";"...";"...";"...";"..."
"Roraima";"213";"212";"211";"217";"218";"211";"212";"217";"212";"...";"...";"...";"...";"...";"...";"..."
"Pará";"3324";"3403";"3414";"3469";"3392";"3403";"3471";"3521";"3457";"...";"...";"...";"...";"...";"...";"..."
"Amapá";"290";"289";"312";"302";"305";"333";"325";"331";"320";"...";"...";"...";"...";"...";"...";"..."
"Tocantins";"626";"633";"643";"655";"631";"644";"650";"656";"644";"...";"...";"...";"...";"...";"...";"..."
"Maranhão";"2258";"2222";"2257";"2273";"2163";"2236";"2274";"2330";"2212";"...";"...";"...";"...";"...";"...";"..."
"Piauí";"1214";"1236";"1273";"1280";"1264";"1276";"1340";"1303";"1233";"...";"...";"...";"...";"...";"...";"..."
"Ceará";"3566";"3576";"3694";"3705";"3646";"3705";"3706";"3790";"3630";"...";"...";"...";"...";"...";"...";"..."
"Rio Grande do Norte";"1289";"1319";"1366";"1337";"1308";"1346";"1333";"1335";"1321";"...";"...";"...";"...";"...";"...";"..."
"Paraíba";"1504";"1510";"1541";"1532";"1494";"1492";"1506";"1489";"1440";"...";"...";"...";"...";"...";"...";"..."
"Pernambuco";"3468";"3500";"3508";"3581";"3573";"3553";"3541";"3646";"3517";"...";"...";"...";"...";"...";"...";"..."
"Alagoas";"939";"941";"978";"1000";"1008";"1060";"1042";"1028";"1019";"...";"...";"...";"...";"...";"...";"..."
"Sergipe";"857";"850";"855";"903";"898";"932";"934";"957";"912";"...";"...";"...";"...";"...";"...";"..."
"Bahia";"5693";"5699";"5892";"5793";"5765";"5857";"5862";"5867";"5748";"...";"...";"...";"...";"...";"...";"..."
"Minas Gerais";"9780";"10051";"10175";"10131";"9926";"10293";"10334";"10363";"9967";"...";"...";"...";"...";"...";"...";"..."
"Espírito Santo";"1811";"1844";"1882";"1900";"1888";"1960";"1943";"1948";"1912";"...";"...";"...";"...";"...";"...";"..."
"Rio de Janeiro";"7487";"7475";"7563";"7589";"7604";"7589";"7685";"7761";"7629";"...";"...";"...";"...";"...";"...";"..."
"São Paulo";"21826";"21915";"22234";"22390";"22322";"22696";"22918";"23014";"22502";"...";"...";"...";"...";"...";"...";"..."
"Paraná";"5433";"5451";"5511";"5593";"5548";"5576";"5613";"5671";"5598";"...";"...";"...";"...";"...";"...";"..."
"Santa Catarina";"3617";"3600";"3645";"3689";"3635";"3677";"3695";"3767";"3674";"...";"...";"...";"...";"...";"...";"..."
"Rio Grande do Sul";"5536";"5500";"5533";"5664";"5668";"5714";"5657";"5819";"5668";"...";"...";"...";"...";"...";"...";"..."
"Mato Grosso do Sul";"1287";"1294";"1327";"1337";"1295";"1338";"1329";"1336";"1295";"...";"...";"...";"...";"...";"...";"..."
"Mato Grosso";"1568";"1606";"1652";"1672";"1656";"1699";"1707";"1703";"1684";"...";"...";"...";"...";"...";"...";"..."
"Goiás";"3292";"3320";"3343";"3384";"3344";"3366";"3426";"3431";"3331";"...";"...";"...";"...";"...";"...";"..."
"Distrito Federal";"1388";"1427";"1449";"1461";"1438";"1462";"1472";"1463";"1449";"...";"...";"...";"...";"...";"...";"..."
"Fonte: IBGE - Pesquisa Nacional por Amostra de Domicílios Contínua trimestral"

"Tabela 4093 - Pessoas de 14 anos ou mais de idade, total, na força de trabalho, ocupadas, desocupadas, fora da força de trabalho, e respectivas taxas e níveis, por sexo"
"Variável - Pessoas de 14 anos ou mais de idade, desocupadas na semana de referência (Mil pessoas)"
"Brasil, Grande Região e Unidade da Federação";"Trimestre x Sexo"
"Brasil, Grande Região e Unidade da Federação";"1º trimestre 2018";"2º trimestre 2018";"3º trimestre 2018";"4º trimestre 2018";"1º trimestre 2019";"2º trimestre 2019";"3º trimestre 2019";"4º trimestre 2019";"1º trimestre 2020";"2º trimestre 2020";"3º trimestre 2020";"4º trimestre 2020";"1º trimestre 2021";"2º trimestre 2021";"3º trimestre 2021";"4º trimestre 2021"
"Brasil, Grande Região e Unidade da Federação";"Total";"Total";"Total";"Total";"Total";"Total";"Total";"Total";"Total";"Total";"Total";"Total";"Total";"Total";"Total";"Total"
"Brasil";"13872";"13148";"12694";"12413";"13651";"13011";"12798";"11903";"13148";"13228";"14598";"14412";"15257";"14832";"13453";"12011"
"Norte";"1043";"994";"962";"981";"1092";"999";"1003";"897";"1011";"...";"...";"...";"...";"...";"...";"..."
"Nordeste";"3973";"3688";"3647";"3642";"3859";"3716";"3684";"3468";"3941";"...";"...";"...";"...";"...";"...";"..."
"Sudeste";"6610";"6355";"6050";"5873";"6421";"6072";"5866";"5587";"6027";"...";"...";"...";"...";"...";"...";"..."
"Sul";"1355";"1304";"1269";"1187";"1332";"1315";"1341";"1122";"1238";"...";"...";"...";"...";"...";"...";"..."
"Centro-Oeste";"892";"807";"766";"731";"949";"910";"904";"828";"930";"...";"...";"...";"...";"...";"...";"..."
"Rondônia";"90";"69";"77";"80";"79";"60";"74";"72";"76";"...";"...";"...";"...";"...";"...";"..."
"Acre";"53";"48";"48";"49";"65";"49";"47";"49";"47";"...";"...";"...";"...";"...";"...";"..."
"Amazonas";"251";"254";"240";"267";"296";"265";"257";"248";"279";"...";"...";"...";"...";"...";"...";"..."
"Roraima";"25";"28";"33";"36";"39";"38";"37";"38";"42";"...";"...";"...";"...";"...";"...";"..."
"Pará";"465";"434";"424";"397";"445";"435";"444";"360";"417";"...";"...";"...";"...";"...";"...";"..."
"Amapá";"80";"80";"70";"75";"78";"69";"66";"62";"67";"...";"...";"...";"...";"...";"...";"..."
"Tocantins";"78";"81";"70";"77";"90";"84";"78";"67";"84";"...";"...";"...";"...";"...";"...";"..."
"Maranhão";"423";"376";"367";"379";"429";"388";"382";"330";"431";"...";"...";"...";"...";"...";"...";"..."
"Piauí";"187";"194";"182";"181";"188";"191";"199";"200";"202";"...";"...";"...";"...";"...";"...";"..."
"Ceará";"530";"479";"444";"420";"476";"459";"478";"437";"513";"...";"...";"...";"...";"...";"...";"..."
"Rio Grande do Norte";"229";"202";"204";"211";"214";"195";"210";"199";"244";"...";"...";"...";"...";"...";"...";"..."
"Paraíba";"203";"188";"190";"194";"189";"207";"193";"206";"232";"...";"...";"...";"...";"...";"...";"..."
"Pernambuco";"759";"723";"719";"664";"696";"681";"674";"601";"611";"...";"...";"...";"...";"...";"...";"..."
"Alagoas";"206";"202";"205";"193";"194";"186";"193";"165";"204";"...";"...";"...";"...";"...";"...";"..."
"Sergipe";"178";"174";"183";"161";"165";"169";"162";"168";"171";"...";"...";"...";"...";"...";"...";"..."
"Bahia";"1258";"1149";"1155";"1239";"1307";"1240";"1194";"1162";"1333";"...";"...";"...";"...";"...";"...";"..."
"Minas Gerais";"1419";"1227";"1105";"1093";"1257";"1096";"1149";"1098";"1320";"...";"...";"...";"...";"...";"...";"..."
"Espírito Santo";"264";"257";"241";"220";"266";"242";"233";"227";"243";"...";"...";"...";"...";"...";"...";"..."
"Rio de Janeiro";"1335";"1372";"1304";"1335";"1388";"1366";"1314";"1246";"1313";"...";"...";"...";"...";"...";"...";"..."
"São Paulo";"3592";"3499";"3400";"3226";"3510";"3368";"3169";"3015";"3151";"...";"...";"...";"...";"...";"...";"..."
"Paraná";"581";"545";"527";"479";"550";"560";"559";"450";"487";"...";"...";"...";"...";"...";"...";"..."
"Santa Catarina";"254";"252";"242";"250";"285";"239";"227";"216";"223";"...";"...";"...";"...";"...";"...";"..."
"Rio Grande do Sul";"520";"507";"499";"458";"496";"515";"555";"455";"529";"...";"...";"...";"...";"...";"...";"..."
"Mato Grosso do Sul";"120";"108";"105";"101";"137";"123";"111";"96";"111";"...";"...";"...";"...";"...";"...";"..."
"Mato Grosso";"164";"151";"120";"124";"167";"154";"148";"117";"158";"...";"...";"...";"...";"...";"...";"..."
"Goiás";"381";"349";"331";"306";"407";"399";"421";"405";"434";"...";"...";"...";"...";"...";"...";"..."
"Distrito Federal";"227";"200";"210";"200";"238";"234";"224";"210";"228";"...";"...";"...";"...";"...";"...";"..."
"Fonte: IBGE - Pesquisa Nacional por Amostra de Domicílios Contínua trimestral"

"Tabela 4093 - Pessoas de 14 anos ou mais de idade, total, na força de trabalho, ocupadas, desocupadas, fora da força de trabalho, e respectivas taxas e níveis, por sexo"
"Variável - Pessoas de 14 anos ou mais de idade, fora da força de trabalho, na semana de referência (Mil pessoas)"
"Brasil, Grande Região e Unidade da Federação";"Trimestre x Sexo"
"Brasil, Grande Região e Unidade da Federação";"1º trimestre 2018";"2º trimestre 2018";"3º trimestre 2018";"4º trimestre 2018";"1º trimestre 2019";"2º trimestre 2019";"3º trimestre 2019";"4º trimestre 2019";"1º trimestre 2020";"2º trimestre 2020";"3º trimestre 2020";"4º trimestre 2020";"1º trimestre 2021";"2º trimestre 2021";"3º trimestre 2021";"4º trimestre 2021"
"Brasil, Grande Região e Unidade da Federação";"Total";"Total";"Total";"Total";"Total";"Total";"Total";"Total";"Total";"Total";"Total";"Total";"Total";"Total";"Total";"Total"
"Brasil";"61158";"61744";"61177";"61299";"61417";"60958";"61030";"61579";"63164";"72573";"72234";"69042";"68746";"67270";"65456";"64525"
"Norte";"5286";"5346";"5323";"5305";"5356";"5316";"5295";"5423";"5468";"...";"...";"...";"...";"...";"...";"..."
"Nordeste";"19533";"19921";"19542";"19518";"19722";"19655";"19664";"19829";"20189";"...";"...";"...";"...";"...";"...";"..."
"Sudeste";"23867";"23952";"23879";"24126";"24048";"23808";"23850";"24052";"24898";"...";"...";"...";"...";"...";"...";"..."
"Sul";"8235";"8327";"8271";"8220";"8176";"8146";"8178";"8132";"8344";"...";"...";"...";"...";"...";"...";"..."
"Centro-Oeste";"4237";"4197";"4162";"4131";"4115";"4032";"4044";"4142";"4265";"...";"...";"...";"...";"...";"...";"..."
"Rondônia";"496";"519";"502";"497";"499";"511";"497";"505";"502";"...";"...";"...";"...";"...";"...";"..."
"Acre";"260";"270";"269";"275";"286";"284";"290";"300";"310";"...";"...";"...";"...";"...";"...";"..."
"Amazonas";"1099";"1142";"1115";"1105";"1116";"1053";"1050";"1085";"1100";"...";"...";"...";"...";"...";"...";"..."
"Roraima";"139";"143";"143";"139";"134";"143";"143";"141";"147";"...";"...";"...";"...";"...";"...";"..."
"Pará";"2583";"2559";"2574";"2583";"2619";"2622";"2596";"2665";"2663";"...";"...";"...";"...";"...";"...";"..."
"Amapá";"227";"234";"232";"238";"230";"229";"233";"227";"240";"...";"...";"...";"...";"...";"...";"..."
"Tocantins";"481";"480";"488";"468";"471";"473";"486";"500";"505";"...";"...";"...";"...";"...";"...";"..."
"Maranhão";"2525";"2633";"2602";"2610";"2696";"2690";"2673";"2687";"2730";"...";"...";"...";"...";"...";"...";"..."
"Piauí";"1147";"1119";"1095";"1101";"1108";"1088";"1046";"1088";"1125";"...";"...";"...";"...";"...";"...";"..."
"Ceará";"3062";"3155";"3078";"3070";"3102";"3058";"3061";"3070";"3181";"...";"...";"...";"...";"...";"...";"..."
"Rio Grande do Norte";"1254";"1255";"1215";"1250";"1255";"1257";"1227";"1249";"1225";"...";"...";"...";"...";"...";"...";"..."
"Paraíba";"1411";"1440";"1410";"1417";"1456";"1464";"1477";"1480";"1488";"...";"...";"...";"...";"...";"...";"..."
"Pernambuco";"3251";"3282";"3274";"3229";"3238";"3309";"3328";"3377";"3598";"...";"...";"...";"...";"...";"...";"..."
"Alagoas";"1435";"1452";"1402";"1400";"1390";"1354";"1379";"1408";"1356";"...";"...";"...";"...";"...";"...";"..."
"Sergipe";"730";"744";"736";"737";"732";"711";"723";"691";"727";"...";"...";"...";"...";"...";"...";"..."
"Bahia";"4717";"4839";"4730";"4702";"4745";"4724";"4752";"4779";"4760";"...";"...";"...";"...";"...";"...";"..."
"Minas Gerais";"5900";"5886";"5865";"5940";"6005";"5909";"5856";"5921";"6114";"...";"...";"...";"...";"...";"...";"..."
"Espírito Santo";"1078";"1066";"1052";"1053";"1023";"981";"1018";"1057";"1084";"...";"...";"...";"...";"...";"...";"..."
"Rio de Janeiro";"5472";"5449";"5433";"5399";"5376";"5452";"5477";"5523";"5648";"...";"...";"...";"...";"...";"...";"..."
"São Paulo";"11417";"11551";"11530";"11733";"11644";"11466";"11499";"11551";"12051";"...";"...";"...";"...";"...";"...";"..."
"Paraná";"3121";"3136";"3127";"3122";"3078";"3049";"3051";"3095";"3137";"...";"...";"...";"...";"...";"...";"..."
"Santa Catarina";"1889";"1912";"1903";"1880";"1881";"1917";"1946";"1916";"2008";"...";"...";"...";"...";"...";"...";"..."
"Rio Grande do Sul";"3225";"3279";"3242";"3219";"3218";"3180";"3181";"3122";"3199";"...";"...";"...";"...";"...";"...";"..."
"Mato Grosso do Sul";"686";"677";"650";"676";"677";"644";"679";"708";"730";"...";"...";"...";"...";"...";"...";"..."
"Mato Grosso";"913";"901";"897";"859";"850";"812";"815";"847";"848";"...";"...";"...";"...";"...";"...";"..."
"Goiás";"1835";"1826";"1831";"1815";"1813";"1821";"1792";"1800";"1879";"...";"...";"...";"...";"...";"...";"..."
"Distrito Federal";"803";"794";"783";"781";"775";"755";"758";"787";"807";"...";"...";"...";"...";"...";"...";"..."
"Fonte: IBGE - Pesquisa Nacional por Amostra de Domicílios Contínua trimestral"

"Tabela 4093 - Pessoas de 14 anos ou mais de idade, total, na força de trabalho, ocupadas, desocupadas, fora da força de trabalho, e respectivas taxas e níveis, por sexo"
"Variável - Taxa de participação na força de trabalho, na semana de referência, das pessoas de 14 anos ou mais de idade (%)"
"Brasil, Grande Região e Unidade da Federação";"Trimestre x Sexo"
"Brasil, Grande Região e Unidade da Federação";"1º trimestre 2018";"2º trimestre 2018";"3º trimestre 2018";"4º trimestre 2018";"1º trimestre 2019";"2º trimestre 2019";"3º trimestre 2019";"4º trimestre 2019";"1º trimestre 2020";"2º trimestre 2020";"3º trimestre 2020";"4º trimestre 2020";"1º trimestre 2021";"2º trimestre 2021";"3º trimestre 2021";"4º trimestre 2021"
"Brasil, Grande Região e Unidade da Federação";"Total";"Total";"Total";"Total";"Total";"Total";"Total";"Total";"Total";"Total";"Total";"Total";"Total";"Total";"Total";"Total"
"Brasil";"63,1";"62,9";"63,3";"63,3";"63,4";"63,7";"63,8";"63,6";"62,7";"57,3";"57,6";"59,5";"59,8";"60,8";"61,9";"62,5"
"Norte";"60,5";"60,3";"60,7";"61,0";"60,7";"61,0";"61,4";"60,7";"60,5";"...";"...";"...";"...";"...";"...";"..."
"Nordeste";"55,9";"55,2";"56,1";"56,2";"55,9";"56,2";"56,2";"56,0";"55,3";"...";"...";"...";"...";"...";"...";"..."
"Sudeste";"66,6";"66,5";"66,7";"66,5";"66,7";"67,1";"67,1";"66,9";"65,9";"...";"...";"...";"...";"...";"...";"..."
"Sul";"65,9";"65,6";"65,9";"66,2";"66,4";"66,7";"66,6";"66,8";"66,0";"...";"...";"...";"...";"...";"...";"..."
"Centro-Oeste";"66,5";"66,8";"67,2";"67,5";"67,8";"68,5";"68,6";"67,9";"67,1";"...";"...";"...";"...";"...";"...";"..."
"Rondônia";"63,3";"61,8";"63,3";"63,8";"63,6";"62,9";"64,1";"63,6";"64,0";"...";"...";"...";"...";"...";"...";"..."
"Acre";"58,0";"56,6";"57,1";"57,0";"55,5";"55,7";"55,1";"54,1";"52,3";"...";"...";"...";"...";"...";"...";"..."
"Amazonas";"62,0";"60,8";"61,9";"62,4";"62,3";"64,2";"64,4";"63,7";"63,4";"...";"...";"...";"...";"...";"...";"..."
"Roraima";"63,1";"62,7";"63,1";"64,5";"65,7";"63,4";"63,6";"64,4";"63,4";"...";"...";"...";"...";"...";"...";"..."
"Pará";"59,5";"60,0";"59,9";"60,0";"59,4";"59,4";"60,1";"59,3";"59,3";"...";"...";"...";"...";"...";"...";"..."
"Amapá";"61,9";"61,1";"62,2";"61,3";"62,5";"63,7";"62,7";"63,4";"61,7";"...";"...";"...";"...";"...";"...";"..."
"Tocantins";"59,4";"59,8";"59,4";"61,0";"60,4";"60,6";"59,9";"59,1";"59,1";"...";"...";"...";"...";"...";"...";"..."
"Maranhão";"51,5";"49,7";"50,2";"50,4";"49,0";"49,4";"49,8";"49,7";"49,2";"...";"...";"...";"...";"...";"...";"..."
"Piauí";"55,0";"56,1";"57,1";"57,0";"56,7";"57,4";"59,5";"58,0";"56,1";"...";"...";"...";"...";"...";"...";"..."
"Ceará";"57,2";"56,2";"57,3";"57,3";"57,1";"57,7";"57,8";"57,9";"56,6";"...";"...";"...";"...";"...";"...";"..."
"Rio Grande do Norte";"54,7";"54,8";"56,4";"55,3";"54,8";"55,1";"55,7";"55,1";"56,1";"...";"...";"...";"...";"...";"...";"..."
"Paraíba";"54,8";"54,1";"55,1";"54,9";"53,6";"53,7";"53,5";"53,4";"52,9";"...";"...";"...";"...";"...";"...";"..."
"Pernambuco";"56,5";"56,3";"56,4";"56,8";"56,9";"56,1";"55,9";"55,7";"53,4";"...";"...";"...";"...";"...";"...";"..."
"Alagoas";"44,4";"44,0";"45,8";"46,0";"46,4";"47,9";"47,2";"45,9";"47,4";"...";"...";"...";"...";"...";"...";"..."
"Sergipe";"58,6";"57,9";"58,5";"59,1";"59,2";"60,8";"60,3";"62,0";"59,8";"...";"...";"...";"...";"...";"...";"..."
"Bahia";"59,6";"58,6";"59,8";"59,9";"59,8";"60,0";"59,8";"59,5";"59,8";"...";"...";"...";"...";"...";"...";"..."
"Minas Gerais";"65,5";"65,7";"65,8";"65,4";"65,1";"65,8";"66,2";"65,9";"64,9";"...";"...";"...";"...";"...";"...";"..."
"Espírito Santo";"65,8";"66,3";"66,9";"66,8";"67,8";"69,2";"68,1";"67,3";"66,5";"...";"...";"...";"...";"...";"...";"..."
"Rio de Janeiro";"61,7";"61,9";"62,0";"62,3";"62,6";"62,2";"62,2";"62,0";"61,3";"...";"...";"...";"...";"...";"...";"..."
"São Paulo";"69,0";"68,8";"69,0";"68,6";"68,9";"69,4";"69,4";"69,3";"68,0";"...";"...";"...";"...";"...";"...";"..."
"Paraná";"65,8";"65,7";"65,9";"66,0";"66,5";"66,8";"66,9";"66,4";"66,0";"...";"...";"...";"...";"...";"...";"..."
"Santa Catarina";"67,2";"66,8";"67,1";"67,7";"67,6";"67,1";"66,8";"67,5";"66,0";"...";"...";"...";"...";"...";"...";"..."
"Rio Grande do Sul";"65,2";"64,7";"65,0";"65,5";"65,7";"66,2";"66,1";"66,8";"66,0";"...";"...";"...";"...";"...";"...";"..."
"Mato Grosso do Sul";"67,2";"67,5";"68,8";"68,0";"67,9";"69,4";"68,0";"66,9";"65,8";"...";"...";"...";"...";"...";"...";"..."
"Mato Grosso";"65,5";"66,1";"66,4";"67,7";"68,2";"69,5";"69,5";"68,2";"68,5";"...";"...";"...";"...";"...";"...";"..."
"Goiás";"66,7";"66,8";"66,7";"67,0";"67,4";"67,4";"68,2";"68,1";"66,7";"...";"...";"...";"...";"...";"...";"..."
"Distrito Federal";"66,8";"67,2";"67,9";"68,0";"68,4";"69,2";"69,1";"68,0";"67,5";"...";"...";"...";"...";"...";"...";"..."
"Fonte: IBGE - Pesquisa Nacional por Amostra de Domicílios Contínua trimestral"

"Tabela 4093 - Pessoas de 14 anos ou mais de idade, total, na força de trabalho, ocupadas, desocupadas, fora da força de trabalho, e respectivas taxas e níveis, por sexo"
"Variável - Taxa de desocupação, na semana de referência, das pessoas de 14 anos ou mais de idade (%)"
"Brasil, Grande Região e Unidade da Federação";"Trimestre x Sexo"
"Brasil, Grande Região e Unidade da Federação";"1º trimestre 2018";"2º trimestre 2018";"3º trimestre 2018";"4º trimestre 2018";"1º trimestre 2019";"2º trimestre 2019";"3º trimestre 2019";"4º trimestre 2019";"1º trimestre 2020";"2º trimestre 2020";"3º trimestre 2020";"4º trimestre 2020";"1º trimestre 2021";"2º trimestre 2021";"3º trimestre 2021";"4º trimestre 2021"
"Brasil, Grande Região e Unidade da Federação";"Total";"Total";"Total";"Total";"Total";"Total";"Total";"Total";"Total";"Total";"Total";"Total";"Total";"Total";"Total";"Total"
"Brasil";"13,2";"12,6";"12,0";"11,7";"12,8";"12,1";"11,9";"11,1";"12,4";"13,6";"14,9";"14,2";"14,9";"14,2";"12,6";"11,1"
"Norte";"12,9";"12,2";"11,7";"11,8";"13,2";"12,0";"11,9";"10,7";"12,1";"...";"...";"...";"...";"...";"...";"..."
"Nordeste";"16,0";"15,0";"14,6";"14,5";"15,4";"14,8";"14,6";"13,8";"15,8";"...";"...";"...";"...";"...";"...";"..."
"Sudeste";"13,9";"13,3";"12,6";"12,3";"13,3";"12,5";"12,0";"11,5";"12,5";"...";"...";"...";"...";"...";"...";"..."
"Sul";"8,5";"8,2";"7,9";"7,4";"8,2";"8,1";"8,2";"6,8";"7,7";"...";"...";"...";"...";"...";"...";"..."
"Centro-Oeste";"10,6";"9,5";"9,0";"8,5";"10,9";"10,4";"10,2";"9,5";"10,7";"...";"...";"...";"...";"...";"...";"..."
"Rondônia";"10,6";"8,3";"8,9";"9,1";"9,1";"6,9";"8,3";"8,2";"8,5";"...";"...";"...";"...";"...";"...";"..."
"Acre";"14,6";"13,7";"13,3";"13,3";"18,3";"13,8";"13,2";"13,9";"13,7";"...";"...";"...";"...";"...";"...";"..."
"Amazonas";"14,0";"14,3";"13,2";"14,6";"16,0";"14,0";"13,5";"13,1";"14,6";"...";"...";"...";"...";"...";"...";"..."
"Roraima";"10,5";"11,6";"13,6";"14,2";"15,2";"15,1";"15,0";"15,0";"16,7";"...";"...";"...";"...";"...";"...";"..."
"Pará";"12,3";"11,3";"11,0";"10,3";"11,6";"11,3";"11,3";"9,3";"10,8";"...";"...";"...";"...";"...";"...";"..."
"Amapá";"21,7";"21,6";"18,4";"19,8";"20,3";"17,1";"16,9";"15,8";"17,3";"...";"...";"...";"...";"...";"...";"..."
"Tocantins";"11,0";"11,4";"9,9";"10,5";"12,5";"11,5";"10,7";"9,3";"11,5";"...";"...";"...";"...";"...";"...";"..."
"Maranhão";"15,8";"14,5";"14,0";"14,3";"16,5";"14,8";"14,4";"12,4";"16,3";"...";"...";"...";"...";"...";"...";"..."
"Piauí";"13,3";"13,5";"12,5";"12,4";"13,0";"13,0";"12,9";"13,3";"14,1";"...";"...";"...";"...";"...";"...";"..."
"Ceará";"12,9";"11,8";"10,7";"10,2";"11,5";"11,0";"11,4";"10,3";"12,4";"...";"...";"...";"...";"...";"...";"..."
"Rio Grande do Norte";"15,1";"13,3";"13,0";"13,6";"14,1";"12,6";"13,6";"13,0";"15,6";"...";"...";"...";"...";"...";"...";"..."
"Paraíba";"11,9";"11,1";"11,0";"11,2";"11,3";"12,2";"11,4";"12,2";"13,9";"...";"...";"...";"...";"...";"...";"..."
"Pernambuco";"18,0";"17,1";"17,0";"15,6";"16,3";"16,1";"16,0";"14,1";"14,8";"...";"...";"...";"...";"...";"...";"..."
"Alagoas";"18,0";"17,7";"17,3";"16,2";"16,2";"14,9";"15,6";"13,8";"16,7";"...";"...";"...";"...";"...";"...";"..."
"Sergipe";"17,2";"17,0";"17,6";"15,2";"15,5";"15,4";"14,8";"15,0";"15,8";"...";"...";"...";"...";"...";"...";"..."
"Bahia";"18,1";"16,8";"16,4";"17,6";"18,5";"17,5";"16,9";"16,5";"18,8";"...";"...";"...";"...";"...";"...";"..."
"Minas Gerais";"12,7";"10,9";"9,8";"9,7";"11,2";"9,6";"10,0";"9,6";"11,7";"...";"...";"...";"...";"...";"...";"..."
"Espírito Santo";"12,7";"12,2";"11,4";"10,4";"12,3";"11,0";"10,7";"10,4";"11,3";"...";"...";"...";"...";"...";"...";"..."
"Rio de Janeiro";"15,1";"15,5";"14,7";"15,0";"15,4";"15,3";"14,6";"13,8";"14,7";"...";"...";"...";"...";"...";"...";"..."
"São Paulo";"14,1";"13,8";"13,3";"12,6";"13,6";"12,9";"12,1";"11,6";"12,3";"...";"...";"...";"...";"...";"...";"..."
"Paraná";"9,7";"9,1";"8,7";"7,9";"9,0";"9,1";"9,1";"7,4";"8,0";"...";"...";"...";"...";"...";"...";"..."
"Santa Catarina";"6,6";"6,6";"6,2";"6,3";"7,3";"6,1";"5,8";"5,4";"5,7";"...";"...";"...";"...";"...";"...";"..."
"Rio Grande do Sul";"8,6";"8,4";"8,3";"7,5";"8,0";"8,3";"8,9";"7,3";"8,5";"...";"...";"...";"...";"...";"...";"..."
"Mato Grosso do Sul";"8,5";"7,7";"7,3";"7,0";"9,5";"8,4";"7,7";"6,7";"7,9";"...";"...";"...";"...";"...";"...";"..."
"Mato Grosso";"9,5";"8,6";"6,8";"6,9";"9,2";"8,3";"8,0";"6,4";"8,6";"...";"...";"...";"...";"...";"...";"..."
"Goiás";"10,4";"9,5";"9,0";"8,3";"10,8";"10,6";"10,9";"10,6";"11,5";"...";"...";"...";"...";"...";"...";"..."
"Distrito Federal";"14,1";"12,3";"12,6";"12,1";"14,2";"13,8";"13,2";"12,6";"13,6";"...";"...";"...";"...";"...";"...";"..."
"Fonte: IBGE - Pesquisa Nacional por Amostra de Domicílios Contínua trimestral"

"Notas"
"A partir do 4º trimestre de 2015, em acordo com as recomendações da 19ª Conferência Internacional de Estatísticos do Trabalho - CIET, da OIT, pessoas em licença remunerada, independentemente do tempo de afastamento, passaram a ser classificadas como ""ocupadas"" e seus rendimentos do trabalho foram coletados normalmente. Anteriormente, as pessoas em licença remunerada na semana de referência da pesquisa e que estavam afastadas por período inferior a 4 meses eram classificadas como ""ocupadas"". Caso esse afastamento fosse igual ou superior a 4 meses, essas pessoas eram definidas como ""fora da força de trabalho"" e, portanto, não se investigava o rendimento do trabalho.
Além disso, a partir do 4º trimestre de 2015, também passaram a ser classificadas como ""ocupadas"" as pessoas que ajudaram, sem receber remuneração, no trabalho remunerado de parente, adicionalmente àquelas que ajudaram no trabalho remunerado de outro morador do mesmo domicílio. Anteriormente, eram consideradas ""ocupadas"" apenas as pessoas que ajudaram, sem receber remuneração, no trabalho remunerado de outro morador do mesmo domicílio.
A partir de abril de 2016, um aspecto do conceito de desocupação foi alterado de forma a se adequar inteiramente à 19ª Conferência Internacional de Estatísticos do Trabalho - CIET, realizada em outubro de 2013, sendo o questionário ajustado. Com a alteração desse aspecto, passam a ser considerados desocupados aqueles que conseguiram proposta de trabalho para começar após a semana de referência e que iriam começar a trabalhar em até 3 meses; os demais, isto é, aqueles que conseguiram proposta para começar a trabalhar após 3 meses da semana de referência, passam a ser contabilizados na população fora da força de trabalho. Anteriormente, eram considerados desocupados todos aqueles que conseguiram proposta de trabalho para começar após a semana de referência, independentemente do tempo em que iniciariam o trabalho que conseguiram.
A partir de 30 de novembro de 2021, essas estimativas passaram a ser divulgadas com base no novo método de ponderação da pesquisa, conforme a Nota Técnica 03/2021. Consequentemente, a série histórica deste indicador foi atualizada."
""
"Legenda"
"Símbolo";"Significado"
"-";"Zero absoluto, não resultante de um cálculo ou arredondamento.
Ex: Em determinado município não existem pessoas de 14 anos de idade sem instrução."
"0";"Zero resultante de um cálculo ou arredondamento.
Ex: A inflação do feijão em determinada Região Metropolitana foi 0.
Determinado município produziu 400 kg de sementes de girassol e os dados da tabela são expressos em toneladas."
"X";"Valor inibido para não identificar o informante.
Ex: Determinado município só possui uma empresa produtora de cimento, logo o valor de sua produção deve ser inibido."
"..";"Valor não se aplica.
Ex: Não se pode obter o total da produção agrícola em determinado município quando os produtos agrícolas são contabilizados com unidades de medida distintas."
"...";"Valor não disponível.
Ex: A produção de feijão em determinado município não foi pesquisada ou determinado município não existia no ano da pesquisa."
"A a Z
(exceto X)";"Significa uma faixa de valores. Varia em função da tabela (se for o caso).
Ex: O nível de precisão da produção estimada de combustíveis está na faixa A (95 a 100%)"
